pla33810, strongly corr, uncorr/sim weights, uncorr/diff weights
RLS, 1617776.3127609, -991364.0032576522, -4.02320186579429E7
($\mu$+$\lambda$)EA, 1503926.4052672, -1.3361422887943825E7, -5.6524768215713985E7
Sim. annealing, 1625870.4799877, -930784.679876109, -4.0210946754488505E7
($\mu \lambda$)EA, 1009388.0580573, -1.3108649956740005E7, -5.636689662844416E7
1+($\lambda \lambda$)GA, 1057393.3377742, -1.4677930894032123E7, -5.683282371172095E7
Aléatoire, 926580.5930248, -1.3607886373378793E7, -5.614379174529752E7
